2016A00054701001,Saskatchewan,Argyle No. 1,Rural municipality,1.3,4.2,0
2016A00054701006,Saskatchewan,Mount Pleasant No. 2,Rural municipality,5.1,8.3,1
2016A00054701008,Saskatchewan,Carnduff,Town,7.4,2.8,0
2016A00054701011,Saskatchewan,Enniskillen No. 3,Rural municipality,5,11.3,11
2016A00054701014,Saskatchewan,Oxbow,Town,3.9,4.1,0
2016A00054701016,Saskatchewan,Coalfields No. 4,Rural municipality,2.8,4.2,0
2016A00054701021,Saskatchewan,Bienfait,Town,4.5,1.9,0
2016A00054701022,Saskatchewan,Estevan No. 5,Rural municipality,2.4,3.5,0
2016A00054701024,Saskatchewan,Estevan,City,4,4.1,0
2016A00054701027,Saskatchewan,Benson No. 35,Rural municipality,3.7,10.4,11
2016A00054701031,Saskatchewan,Browning No. 34,Rural municipality,2.9,3.2,0
2016A00054701032,Saskatchewan,Lampman,Town,3.4,10.9,11
2016A00054701036,Saskatchewan,Moose Creek No. 33,Rural municipality,1,7.3,0
2016A00054701037,Saskatchewan,Alameda,Town,3.7,9.5,1
2016A00054701039,Saskatchewan,Reciprocity No. 32,Rural municipality,4.2,9.1,1
2016A00054701043,Saskatchewan,Storthoaks No. 31,Rural municipality,3.9,5,0
2016A00054701047,Saskatchewan,Antler No. 61,Rural municipality,3,10.1,11
2016A00054701049,Saskatchewan,Redvers,Town,6.1,7.5,0
2016A00054701053,Saskatchewan,Moose Mountain No. 63,Rural municipality,5,8.1,1
2016A00054701054,Saskatchewan,Manor,Village,2.2,0,0
2016A00054701056,Saskatchewan,Carlyle,Town,5.1,7.6,0
2016A00054701059,Saskatchewan,Arcola,Town,3.5,7.1,1
2016A00054701063,Saskatchewan,Tecumseh No. 65,Rural municipality,1.2,8,1
2016A00054701066,Saskatchewan,Stoughton,Town,9.9,6.1,100
2016A00054701076,Saskatchewan,Wawken No. 93,Rural municipality,2.5,8.6,1
2016A00054701078,Saskatchewan,Wawota,Town,8.5,7.5,0
2016A00054701091,Saskatchewan,Walpole No. 92,Rural municipality,2.3,3.4,0
2016A00054701094,Saskatchewan,Maryfield No. 91,Rural municipality,5,12.2,11
2016A00054701096,Saskatchewan,Maryfield,Village,8.8,4.7,100
2016A00054702001,Saskatchewan,Cambria No. 6,Rural municipality,2.6,8,0
2016A00054702023,Saskatchewan,Bengough,Town,4.3,7.1,0
2016A00054702024,Saskatchewan,Bengough No. 40,Rural municipality,2.9,5.3,0
2016A00054702029,Saskatchewan,Laurier No. 38,Rural municipality,2.1,4.8,0
2016A00054702031,Saskatchewan,Radville,Town,5.5,7.9,0
2016A00054702037,Saskatchewan,Cymri No. 36,Rural municipality,2.6,8.8,0
2016A00054702039,Saskatchewan,Midale,Town,5.1,9.9,0
2016A00054702041,Saskatchewan,Macoun,Village,1.1,5.9,0
2016A00054702042,Saskatchewan,Griffin No. 66,Rural municipality,3.6,11.4,11
2016A00054702044,Saskatchewan,Weyburn No. 67,Rural municipality,3.6,9.5,0
2016A00054702047,Saskatchewan,Weyburn,City,4.2,6.1,0
2016A00054702051,Saskatchewan,Brokenshell No. 68,Rural municipality,5.3,16.1,111
2016A00054702057,Saskatchewan,Key West No. 70,Rural municipality,2.8,6.8,0
2016A00054702058,Saskatchewan,Ogema,Town,4.8,8.2,0
2016A00054702062,Saskatchewan,Avonlea,Village,4.5,3.6,0
2016A00054702067,Saskatchewan,Milestone,Town,2.5,6.2,0
2016A00054702072,Saskatchewan,Yellow Grass,Town,1.2,4.6,0
2016A00054702073,Saskatchewan,Wellington No. 97,Rural municipality,4.2,6.5,0
2016A00054702078,Saskatchewan,Fillmore,Village,9.5,12.9,110
2016A00054703004,Saskatchewan,Coronach,Town,6,9.5,1
2016A00054703009,Saskatchewan,Rockglen,Town,5.8,13.9,11
2016A00054703011,Saskatchewan,Old Post No. 43,Rural municipality,7.7,14.1,11
2016A00054703018,Saskatchewan,Mankota No. 45,Rural municipality,3,10.7,11
2016A00054703022,Saskatchewan,Waverley No. 44,Rural municipality,1,6.3,0
2016A00054703026,Saskatchewan,Willow Bunch No. 42,Rural municipality,3.6,6.3,0
2016A00054703028,Saskatchewan,Willow Bunch,Town,4.8,13.5,11
2016A00054703034,Saskatchewan,Lake of the Rivers No. 72,Rural municipality,2.9,14.4,11
2016A00054703036,Saskatchewan,Assiniboia,Town,6.4,9.6,1
2016A00054703038,Saskatchewan,Stonehenge No. 73,Rural municipality,1.8,5.8,0
2016A00054703042,Saskatchewan,Wood River No. 74,Rural municipality,1.2,7,0
2016A00054703044,Saskatchewan,Lafleche,Town,5.7,9.9,1
2016A00054703054,Saskatchewan,Auvergne No. 76,Rural municipality,9.3,15.4,11
2016A00054703058,Saskatchewan,Ponteix,Town,3.2,9.6,1
2016A00054703071,Saskatchewan,Gravelbourg,Town,8.9,11.9,111
2016A00054703092,Saskatchewan,Mossbank,Town,5.8,5.6,0
2016A00054704012,Saskatchewan,Frontier,Village,4.1,12,11
2016A00054704019,Saskatchewan,Reno No. 51,Rural municipality,0.8,3.6,0
2016A00054704024,Saskatchewan,White Valley No. 49,Rural municipality,2.2,9.4,1
2016A00054704026,Saskatchewan,Eastend,Town,8.1,6.9,101
2016A00054704034,Saskatchewan,Grassy Creek No. 78,Rural municipality,2.5,6.4,0
2016A00054704036,Saskatchewan,Shaunavon,Town,5.6,8.3,0
2016A00054704045,Saskatchewan,Maple Creek No. 111,Rural municipality,5.2,9.7,1
2016A00054704048,Saskatchewan,Maple Creek,Town,5.8,8.3,0
2016A00054704050,Saskatchewan,Piapot No. 110,Rural municipality,5.1,3.9,0
2016A00054704058,Saskatchewan,Bone Creek No. 108,Rural municipality,12.9,5.7,1000
2016A00054704061,Saskatchewan,Lac Pelletier No. 107,Rural municipality,15.6,6.3,1000
2016A00054705001,Saskatchewan,Moosomin No. 121,Rural municipality,2.5,5.5,0
2016A00054705004,Saskatchewan,Moosomin,Town,6.1,5.9,0
2016A00054705007,Saskatchewan,Martin No. 122,Rural municipality,2.4,3.6,0
2016A00054705009,Saskatchewan,Wapella,Town,4.7,6.6,1
2016A00054705011,Saskatchewan,Silverwood No. 123,Rural municipality,2.5,0,0
2016A00054705014,Saskatchewan,Kingsley No. 124,Rural municipality,3.9,10.2,11
2016A00054705016,Saskatchewan,Kipling,Town,7.5,5,100
2016A00054705018,Saskatchewan,Chester No. 125,Rural municipality,6.6,8.5,101
2016A00054705024,Saskatchewan,Wolseley,Town,6.5,3.3,0
2016A00054705027,Saskatchewan,Wolseley No. 155,Rural municipality,3.8,8.6,0
2016A00054705028,Saskatchewan,Elcapo No. 154,Rural municipality,3.6,5.6,0
2016A00054705029,Saskatchewan,Grenfell,Town,8.6,5.6,0
2016A00054705031,Saskatchewan,Broadview,Town,8.4,0,0
2016A00054705034,Saskatchewan,Whitewood,Town,7.2,6.9,1
2016A00054705037,Saskatchewan,Rocanville No. 151,Rural municipality,4.1,6,0
2016A00054705038,Saskatchewan,Rocanville,Town,2,4.4,0
2016A00054705041,Saskatchewan,Spy Hill No. 152,Rural municipality,5.2,2.4,0
2016A00054705047,Saskatchewan,Langenburg No. 181,Rural municipality,3.8,3.2,0
2016A00054705048,Saskatchewan,Langenburg,Town,3.1,5.4,0
2016A00054705051,Saskatchewan,Fertile Belt No. 183,Rural municipality,2.2,3.4,0
2016A00054705052,Saskatchewan,Esterhazy,Town,5.8,8,0
2016A00054705056,Saskatchewan,Stockholm,Village,5.7,3.7,0
2016A00054705057,Saskatchewan,Grayson No. 184,Rural municipality,3.3,8.7,1
2016A00054705063,Saskatchewan,McLeod No. 185,Rural municipality,3.1,8.3,0
2016A00054705064,Saskatchewan,Neudorf,Village,3.9,6.6,0
2016A00054705066,Saskatchewan,Lemberg,Town,9.9,11.5,111
2016A00054705067,Saskatchewan,Stanley No. 215,Rural municipality,3.6,10.2,10
2016A00054705073,Saskatchewan,Cana No. 214,Rural municipality,2.6,11.7,10
2016A00054705074,Saskatchewan,Melville,City,4.2,9,0
2016A00054705077,Saskatchewan,Saltcoats No. 213,Rural municipality,3,6.6,1
2016A00054705078,Saskatchewan,Saltcoats,Town,10.2,2.3,1100
2016A00054705079,Saskatchewan,Bredenbury,Town,2.6,5.7,0
2016A00054705093,Saskatchewan,Churchbridge No. 211,Rural municipality,1.3,4.7,0
2016A00054705094,Saskatchewan,Churchbridge,Town,3.7,3.1,0
2016A00054705803,Saskatchewan,Cowessess 73,Indian reserve,3.7,3.8,101
2016A00054705804,Saskatchewan,Kahkewistahaw 72,Indian reserve,7.4,8.4,101
2016A00054705806,Saskatchewan,Ochapowace 71,Indian reserve,1.3,0.9,101
2016A00054706001,Saskatchewan,Montmartre No. 126,Rural municipality,4.3,9,0
2016A00054706002,Saskatchewan,Montmartre,Village,9,5.2,100
2016A00054706004,Saskatchewan,Francis No. 127,Rural municipality,2,9.4,0
2016A00054706007,Saskatchewan,Vibank,Village,4.8,2.9,0
2016A00054706008,Saskatchewan,Sedley,Village,4.1,5.2,0
2016A00054706011,Saskatchewan,Lajord No. 128,Rural municipality,5.3,10,10
2016A00054706013,Saskatchewan,Bratt's Lake No. 129,Rural municipality,1.8,5.2,0
2016A00054706017,Saskatchewan,Rouleau,Town,2.6,8.5,0
2016A00054706021,Saskatchewan,Pense No. 160,Rural municipality,3.7,6.2,0
2016A00054706023,Saskatchewan,Pense,Town,3.1,8,0
2016A00054706026,Saskatchewan,Sherwood No. 159,Rural municipality,14.7,3.1,1100
2016A00054706027,Saskatchewan,Regina,City,3.9,5.4,0
2016A00054706028,Saskatchewan,Grand Coulee,Village,1.8,5.9,0
2016A00054706029,Saskatchewan,Edenwold No. 158,Rural municipality,4.3,6.6,0
2016A00054706030,Saskatchewan,White City,Town,1.6,3.4,0
2016A00054706031,Saskatchewan,Pilot Butte,Town,4.2,6.5,0
2016A00054706032,Saskatchewan,Balgonie,Town,2.2,4.3,0
2016A00054706034,Saskatchewan,South Qu'Appelle No. 157,Rural municipality,3,6.7,0
2016A00054706036,Saskatchewan,Qu'Appelle,Town,4.9,12.8,11
2016A00054706037,Saskatchewan,McLean,Village,2.9,7.6,1
2016A00054706038,Saskatchewan,Indian Head No. 156,Rural municipality,1.3,5.5,0
2016A00054706039,Saskatchewan,Indian Head,Town,4,8.9,0
2016A00054706042,Saskatchewan,Abernethy No. 186,Rural municipality,3.6,8,0
2016A00054706047,Saskatchewan,Balcarres,Town,8.1,2.8,0
2016A00054706048,Saskatchewan,North Qu'Appelle No. 187,Rural municipality,3.6,4.3,0
2016A00054706050,Saskatchewan,Katepwa,Resort village,6.3,5.3,101
2016A00054706051,Saskatchewan,Fort Qu'Appelle,Town,6.2,6.1,0
2016A00054706053,Saskatchewan,Lumsden No. 189,Rural municipality,3.8,10.2,11
2016A00054706055,Saskatchewan,Buena Vista,Village,3.8,9,0
2016A00054706056,Saskatchewan,Lumsden,Town,2.6,6.8,0
2016A00054706058,Saskatchewan,Regina Beach,Town,3.7,6,0
2016A00054706059,Saskatchewan,Dufferin No. 190,Rural municipality,19.8,6.7,1000
2016A00054706061,Saskatchewan,Bethune,Village,4.1,1.7,0
2016A00054706063,Saskatchewan,Sarnia No. 221,Rural municipality,2.5,5.1,0
2016A00054706070,Saskatchewan,Longlaketon No. 219,Rural municipality,1.9,5.1,0
2016A00054706071,Saskatchewan,McKillop No. 220,Rural municipality,3.7,2.1,0
2016A00054706072,Saskatchewan,Saskatchewan Beach,Resort village,4,13.5,11
2016A00054706074,Saskatchewan,Strasbourg,Town,7.3,6,0
2016A00054706091,Saskatchewan,Cupar No. 218,Rural municipality,1,6.3,0
2016A00054706092,Saskatchewan,Southey,Town,2.1,6.4,0
2016A00054706094,Saskatchewan,Cupar,Town,6.9,3.9,0
2016A00054706096,Saskatchewan,Lipton No. 217,Rural municipality,4.2,3.6,0
2016A00054706098,Saskatchewan,Lipton,Village,4.9,9.2,1
2016A00054706811,Saskatchewan,Standing Buffalo 78,Indian reserve,2.7,2.1,101
2016A00054706813,Saskatchewan,Muscowpetung 80,Indian reserve,6.3,5.2,101
2016A00054706816,Saskatchewan,Peepeekisis 81,Indian reserve,1.3,1,101
2016A00054707001,Saskatchewan,Baildon No. 131,Rural municipality,2.9,4.7,0
2016A00054707018,Saskatchewan,Coulee No. 136,Rural municipality,9.1,7.4,0
2016A00054707021,Saskatchewan,Excelsior No. 166,Rural municipality,2.1,10.9,10
2016A00054707022,Saskatchewan,Waldeck,Village,2.3,6.5,0
2016A00054707024,Saskatchewan,Morse No. 165,Rural municipality,4.9,13.7,11
2016A00054707026,Saskatchewan,Herbert,Town,11.4,7.8,1100
2016A00054707034,Saskatchewan,Mortlach,Village,4.7,9.5,0
2016A00054707036,Saskatchewan,Caron No. 162,Rural municipality,2.8,5.4,0
2016A00054707037,Saskatchewan,Caronport,Village,2.8,5.2,0
2016A00054707038,Saskatchewan,Moose Jaw No. 161,Rural municipality,3.1,9.1,1
2016A00054707039,Saskatchewan,Moose Jaw,City,4.7,5.3,0
2016A00054707042,Saskatchewan,Marquis No. 191,Rural municipality,3,10,10
2016A00054707054,Saskatchewan,Central Butte,Town,11.5,7,1001
2016A00054707063,Saskatchewan,Victory No. 226,Rural municipality,6.1,7.3,0
2016A00054707067,Saskatchewan,Coteau No. 255,Rural municipality,4.1,8.7,0
2016A00054707092,Saskatchewan,Craik,Town,3.9,13.3,11
2016A00054708001,Saskatchewan,Swift Current No. 137,Rural municipality,3.5,8.1,0
2016A00054708004,Saskatchewan,Swift Current,City,5.4,4,0
2016A00054708006,Saskatchewan,Webb No. 138,Rural municipality,11.4,11.9,1111
2016A00054708011,Saskatchewan,Gull Lake,Town,5.8,4.9,0
2016A00054708031,Saskatchewan,Riverside No. 168,Rural municipality,3.3,4.8,0
2016A00054708032,Saskatchewan,Cabri,Town,4.4,7,0
2016A00054708038,Saskatchewan,Saskatchewan Landing No. 167,Rural municipality,2.4,4.6,0
2016A00054708042,Saskatchewan,Lacadena No. 228,Rural municipality,3.4,2.8,0
2016A00054708044,Saskatchewan,Kyle,Town,6.9,6.4,0
2016A00054708058,Saskatchewan,Leader,Town,6.1,10.8,10
2016A00054708062,Saskatchewan,Burstall,Town,4.2,11,11
2016A00054708065,Saskatchewan,Chesterfield No. 261,Rural municipality,2.5,5.1,0
2016A00054708068,Saskatchewan,Eatonia,Town,6.2,7.1,0
2016A00054708071,Saskatchewan,Newcombe No. 260,Rural municipality,2.8,8.5,0
2016A00054708074,Saskatchewan,Snipe Lake No. 259,Rural municipality,4.6,7,0
2016A00054708076,Saskatchewan,Eston,Town,6.4,12.5,11
2016A00054708094,Saskatchewan,Elrose,Town,8.5,3.9,0
2016A00054709001,Saskatchewan,Calder No. 241,Rural municipality,4.7,0,0
2016A00054709006,Saskatchewan,Wallace No. 243,Rural municipality,2.9,5.5,0
2016A00054709011,Saskatchewan,Orkney No. 244,Rural municipality,3.7,6.1,0
2016A00054709012,Saskatchewan,Yorkton,City,5.1,4.4,0
2016A00054709016,Saskatchewan,Springside,Town,4.9,7.2,0
2016A00054709019,Saskatchewan,Garry No. 245,Rural municipality,3.2,0.8,0
2016A00054709023,Saskatchewan,Insinger No. 275,Rural municipality,4.3,9.1,0
2016A00054709028,Saskatchewan,Theodore,Village,8.7,5.6,0
2016A00054709029,Saskatchewan,Good Lake No. 274,Rural municipality,4.9,6.8,0
2016A00054709032,Saskatchewan,Canora,Town,6.9,5.1,0
2016A00054709033,Saskatchewan,Sliding Hills No. 273,Rural municipality,2.4,0,0
2016A00054709037,Saskatchewan,Cote No. 271,Rural municipality,3.2,5.1,0
2016A00054709039,Saskatchewan,Kamsack,Town,7.6,4.4,0
2016A00054709046,Saskatchewan,Keys No. 303,Rural municipality,2.8,15,11
2016A00054709060,Saskatchewan,Hazel Dell No. 335,Rural municipality,3.1,10.1,10
2016A00054709062,Saskatchewan,Preeceville No. 334,Rural municipality,4,10,10
2016A00054709064,Saskatchewan,Preeceville,Town,9,9.6,1
2016A00054709066,Saskatchewan,Sturgis,Town,4.9,9.4,0
2016A00054709067,Saskatchewan,Clayton No. 333,Rural municipality,4.6,11.7,11
2016A00054709072,Saskatchewan,Norquay,Town,7.7,9.1,0
2016A00054709075,Saskatchewan,Livingston No. 331,Rural municipality,2.2,9.3,0
2016A00054709819,Saskatchewan,Cote 64,Indian reserve,3.6,3.7,101
2016A00054709820,Saskatchewan,Keeseekoose 66,Indian reserve,6.5,6.8,101
2016A00054710003,Saskatchewan,Ituna Bon Accord No. 246,Rural municipality,5.6,10.8,11
2016A00054710004,Saskatchewan,Ituna,Town,7.9,6.9,1
2016A00054710008,Saskatchewan,Kellross No. 247,Rural municipality,3,8.3,1
2016A00054710014,Saskatchewan,Touchwood No. 248,Rural municipality,3.7,19.1,11
2016A00054710024,Saskatchewan,Mount Hope No. 279,Rural municipality,2.4,10.6,11
2016A00054710027,Saskatchewan,Raymore,Town,7.3,8.6,0
2016A00054710031,Saskatchewan,Emerald No. 277,Rural municipality,4.1,6.2,0
2016A00054710036,Saskatchewan,Foam Lake No. 276,Rural municipality,3,9,1
2016A00054710038,Saskatchewan,Foam Lake,Town,4.2,6.2,0
2016A00054710041,Saskatchewan,Elfros No. 307,Rural municipality,2.4,6.9,0
2016A00054710046,Saskatchewan,Big Quill No. 308,Rural municipality,2.8,5.5,0
2016A00054710047,Saskatchewan,Wynyard,Town,5.4,6.2,0
2016A00054710056,Saskatchewan,Leroy No. 339,Rural municipality,4.7,6.8,1
2016A00054710058,Saskatchewan,Leroy,Town,2.3,2.1,0
2016A00054710061,Saskatchewan,Lakeside No. 338,Rural municipality,3.6,3.4,0
2016A00054710062,Saskatchewan,Watson,Town,4.1,6.3,0
2016A00054710064,Saskatchewan,Quill Lake,Village,2.3,5.6,0
2016A00054710066,Saskatchewan,Lakeview No. 337,Rural municipality,5.9,4.4,1
2016A00054710068,Saskatchewan,Wadena,Town,6.3,9.5,0
2016A00054710071,Saskatchewan,Sasman No. 336,Rural municipality,4.4,6.8,0
2016A00054710822,Saskatchewan,Muskowekwan 85,Indian reserve,3.3,6,101
2016A00054710823,Saskatchewan,Gordon 86,Indian reserve,1.1,0.6,101
2016A00054710825,Saskatchewan,Poorman 88,Indian reserve,5.4,5.6,101
2016A00054710826,Saskatchewan,Fishing Lake 89,Indian reserve,3.5,4.1,101
2016A00054711003,Saskatchewan,Last Mountain Valley No. 250,Rural municipality,4.4,5,0
2016A00054711008,Saskatchewan,Imperial,Town,4.7,7.4,0
2016A00054711011,Saskatchewan,Arm River No. 252,Rural municipality,0.5,2.7,0
2016A00054711014,Saskatchewan,Davidson,Town,7,7.8,101
2016A00054711016,Saskatchewan,Willner No. 253,Rural municipality,1.9,4.8,0
2016A00054711018,Saskatchewan,Loreburn No. 254,Rural municipality,5.3,9,0
2016A00054711019,Saskatchewan,Elbow,Village,3.2,3.1,0
2016A00054711026,Saskatchewan,Rudy No. 284,Rural municipality,1.5,11,11
2016A00054711027,Saskatchewan,Outlook,Town,10.7,6.9,1100
2016A00054711031,Saskatchewan,Rosedale No. 283,Rural municipality,2.5,7.6,0
2016A00054711032,Saskatchewan,Hanley,Town,6.3,5.9,0
2016A00054711034,Saskatchewan,McCraney No. 282,Rural municipality,3.2,4.1,0
2016A00054711036,Saskatchewan,Kenaston,Village,4.8,1.6,0
2016A00054711044,Saskatchewan,Nokomis,Town,9.1,8.8,100
2016A00054711046,Saskatchewan,Usborne No. 310,Rural municipality,4,9.4,0
2016A00054711049,Saskatchewan,Lanigan,Town,6.7,7,100
2016A00054711052,Saskatchewan,Morris No. 312,Rural municipality,3.3,0,0
2016A00054711053,Saskatchewan,Watrous,Town,5.5,6,0
2016A00054711054,Saskatchewan,Manitou Beach,Resort village,7.1,2.7,100
2016A00054711063,Saskatchewan,Dundurn,Town,1.8,4.4,0
2016A00054711064,Saskatchewan,Shields,Resort village,3.5,7.7,0
2016A00054711065,Saskatchewan,Corman Park No. 344,Rural municipality,3.5,6.7,0
2016A00054711066,Saskatchewan,Saskatoon,City,4.4,4.8,0
2016A00054711067,Saskatchewan,Langham,Town,6.3,2.1,0
2016A00054711068,Saskatchewan,Warman,City,3.2,3.4,0
2016A00054711069,Saskatchewan,Blucher No. 343,Rural municipality,5.3,10.6,11
2016A00054711070,Saskatchewan,Martensville,City,2.3,4.5,0
2016A00054711072,Saskatchewan,Allan,Town,2.4,2.9,0
2016A00054711073,Saskatchewan,Dalmeny,Town,3.2,6.1,0
2016A00054711075,Saskatchewan,Osler,Town,3.7,4.9,0
2016A00054711077,Saskatchewan,Clavet,Village,3.7,10.5,11
2016A00054711079,Saskatchewan,Colonsay,Town,5.7,3.6,0
2016A00054711091,Saskatchewan,Viscount No. 341,Rural municipality,2.4,5.7,1
2016A00054711096,Saskatchewan,Wolverine No. 340,Rural municipality,5.9,0,0
2016A00054711828,Saskatchewan,Whitecap,Indian reserve,2.1,2.6,101
2016A00054712001,Saskatchewan,Pleasant Valley No. 288,Rural municipality,3.2,6.7,0
2016A00054712004,Saskatchewan,St. Andrews No. 287,Rural municipality,3.5,0,0
2016A00054712006,Saskatchewan,Rosetown,Town,6,8,1
2016A00054712020,Saskatchewan,Fertile Valley No. 285,Rural municipality,4,9.8,1
2016A00054712026,Saskatchewan,Montrose No. 315,Rural municipality,1.5,3.1,0
2016A00054712034,Saskatchewan,Marriott No. 317,Rural municipality,3.3,8,1
2016A00054712038,Saskatchewan,Mountain View No. 318,Rural municipality,2.5,7.7,0
2016A00054712042,Saskatchewan,Biggar No. 347,Rural municipality,2,6.2,0
2016A00054712046,Saskatchewan,Biggar,Town,4.8,10.2,11
2016A00054712050,Saskatchewan,Perdue No. 346,Rural municipality,2.4,4.1,0
2016A00054712051,Saskatchewan,Perdue,Village,2.7,7.9,1
2016A00054712054,Saskatchewan,Vanscoy No. 345,Rural municipality,3.5,7.6,1
2016A00054712056,Saskatchewan,Delisle,Town,4,8,0
2016A00054712058,Saskatchewan,Vanscoy,Village,4.6,5.8,0
2016A00054712059,Saskatchewan,Asquith,Town,5.2,6,0
2016A00054712064,Saskatchewan,Eagle Creek No. 376,Rural municipality,2.4,6.9,0
2016A00054712078,Saskatchewan,Battle River No. 438,Rural municipality,7.1,12.1,111
2016A00054712079,Saskatchewan,Battleford,Town,5.6,8.3,0
2016A00054712829,Saskatchewan,Red Pheasant 108,Indian reserve,2.3,2.9,101
2016A00054712833,Saskatchewan,Sweet Grass 113,Indian reserve,3.5,4,101
2016A00054713006,Saskatchewan,Kindersley No. 290,Rural municipality,3.6,8.5,1
2016A00054713008,Saskatchewan,Kindersley,Town,5.8,5.9,0
2016A00054713026,Saskatchewan,Coleville,Village,4.4,6.1,0
2016A00054713028,Saskatchewan,Winslow No. 319,Rural municipality,5.5,6.7,0
2016A00054713041,Saskatchewan,Progress No. 351,Rural municipality,2.7,8.5,0
2016A00054713042,Saskatchewan,Kerrobert,Town,6.3,7.2,0
2016A00054713044,Saskatchewan,Luseland,Town,1.7,4.6,0
2016A00054713049,Saskatchewan,Eye Hill No. 382,Rural municipality,4.4,5,0
2016A00054713051,Saskatchewan,Macklin,Town,3.6,7.9,0
2016A00054713056,Saskatchewan,Grass Lake No. 381,Rural municipality,3.2,10.9,10
2016A00054713068,Saskatchewan,Buffalo No. 409,Rural municipality,3.8,4.2,0
2016A00054713069,Saskatchewan,Wilkie,Town,3.6,8.1,0
2016A00054713072,Saskatchewan,Round Valley No. 410,Rural municipality,1.7,5.7,0
2016A00054713074,Saskatchewan,Unity,Town,4.7,7.5,0
2016A00054713079,Saskatchewan,Manitou Lake No. 442,Rural municipality,2.9,7.1,1
2016A00054713092,Saskatchewan,Hillsdale No. 440,Rural municipality,2.3,9,1
2016A00054713094,Saskatchewan,Neilburg,Village,4.5,2.5,1
2016A00054713096,Saskatchewan,Cut Knife No. 439,Rural municipality,2,0,0
2016A00054713098,Saskatchewan,Cut Knife,Town,3.1,3.6,0
2016A00054713836,Saskatchewan,Little Pine 116,Indian reserve,5.8,4.9,101
2016A00054714001,Saskatchewan,Hudson Bay No. 394,Rural municipality,4,8.6,0
2016A00054714004,Saskatchewan,Hudson Bay,Town,4.6,6.6,0
2016A00054714006,Saskatchewan,Porcupine No. 395,Rural municipality,4.4,10.8,10
2016A00054714007,Saskatchewan,Porcupine Plain,Town,8.3,6.9,0
2016A00054714021,Saskatchewan,Kelvington No. 366,Rural municipality,3.1,3.2,0
2016A00054714022,Saskatchewan,Kelvington,Town,6.3,6.2,0
2016A00054714023,Saskatchewan,Ponass Lake No. 367,Rural municipality,3.1,3.5,0
2016A00054714024,Saskatchewan,Rose Valley,Town,7.6,10.3,111
2016A00054714026,Saskatchewan,Spalding No. 368,Rural municipality,1.7,5.5,0
2016A00054714032,Saskatchewan,Naicam,Town,4.6,6.4,0
2016A00054714034,Saskatchewan,Barrier Valley No. 397,Rural municipality,3.7,2.5,0
2016A00054714035,Saskatchewan,Pleasantdale No. 398,Rural municipality,8.9,7.5,101
2016A00054714038,Saskatchewan,Bjorkdale No. 426,Rural municipality,3.3,5.4,0
2016A00054714043,Saskatchewan,Tisdale No. 427,Rural municipality,3.8,10.6,11
2016A00054714044,Saskatchewan,Tisdale,Town,4.2,5.3,0
2016A00054714047,Saskatchewan,Star City No. 428,Rural municipality,2.1,4.8,0
2016A00054714049,Saskatchewan,Star City,Town,2.9,6.2,0
2016A00054714051,Saskatchewan,Melfort,City,4.7,7,0
2016A00054714053,Saskatchewan,Willow Creek No. 458,Rural municipality,1.5,1.5,0
2016A00054714056,Saskatchewan,Connaught No. 457,Rural municipality,2.9,6.3,0
2016A00054714059,Saskatchewan,Arborfield No. 456,Rural municipality,4.1,3.4,0
2016A00054714062,Saskatchewan,Arborfield,Town,8.5,2.9,0
2016A00054714067,Saskatchewan,Moose Range No. 486,Rural municipality,4.2,8.6,0
2016A00054714069,Saskatchewan,Carrot River,Town,8.2,6,100
2016A00054714072,Saskatchewan,Nipawin No. 487,Rural municipality,7.8,9.1,100
2016A00054714076,Saskatchewan,Nipawin,Town,6.2,6.9,0
2016A00054714077,Saskatchewan,Torch River No. 488,Rural municipality,3.6,6,0
2016A00054714079,Saskatchewan,White Fox,Village,4.5,8.3,0
2016A00054714092,Saskatchewan,Choiceland,Town,4.4,12.9,11
2016A00054714840,Saskatchewan,Red Earth 29,Indian reserve,3.8,5.3,101
2016A00054714841,Saskatchewan,Yellowquill 90,Indian reserve,3.6,3.3,101
2016A00054714845,Saskatchewan,Carrot River 29A,Indian reserve,1.8,2.7,0
2016A00054715001,Saskatchewan,St. Peter No. 369,Rural municipality,3.5,3.8,0
2016A00054715002,Saskatchewan,Englefeld,Village,0.6,5.8,0
2016A00054715004,Saskatchewan,Muenster,Village,3.7,4.4,0
2016A00054715006,Saskatchewan,Lake Lenore,Village,5.3,2.6,0
2016A00054715007,Saskatchewan,Humboldt No. 370,Rural municipality,2.6,1.7,0
2016A00054715008,Saskatchewan,Humboldt,City,6.3,7.6,0
2016A00054715011,Saskatchewan,Bayne No. 371,Rural municipality,1.8,3.1,0
2016A00054715012,Saskatchewan,Bruno,Town,11,8.3,1100
2016A00054715014,Saskatchewan,Grant No. 372,Rural municipality,5.2,10.7,111
2016A00054715018,Saskatchewan,Aberdeen No. 373,Rural municipality,2.7,2.2,0
2016A00054715019,Saskatchewan,Aberdeen,Town,3.5,0.5,0
2016A00054715026,Saskatchewan,Laird No. 404,Rural municipality,3.6,12,11
2016A00054715027,Saskatchewan,Hepburn,Town,5.7,9.8,1
2016A00054715028,Saskatchewan,Waldheim,Town,6.9,9.3,1
2016A00054715029,Saskatchewan,Laird,Village,1.8,8.2,0
2016A00054715031,Saskatchewan,Rosthern No. 403,Rural municipality,7.8,10.6,11
2016A00054715034,Saskatchewan,Hague,Town,7.6,14.2,11
2016A00054715036,Saskatchewan,Fish Creek No. 402,Rural municipality,5.8,12,11
2016A00054715039,Saskatchewan,Hoodoo No. 401,Rural municipality,3.2,9,1
2016A00054715041,Saskatchewan,Cudworth,Town,7,12.1,10
2016A00054715042,Saskatchewan,Wakaw,Town,7.7,9.2,1
2016A00054715044,Saskatchewan,Three Lakes No. 400,Rural municipality,10.9,6.9,1000
2016A00054715048,Saskatchewan,Lake Lenore No. 399,Rural municipality,1.1,4,0
2016A00054715049,Saskatchewan,St. Brieux,Town,6.9,12.2,11
2016A00054715051,Saskatchewan,Flett's Springs No. 429,Rural municipality,4.3,15.7,11
2016A00054715054,Saskatchewan,Invergordon No. 430,Rural municipality,5.6,13.4,11
2016A00054715057,Saskatchewan,St. Louis No. 431,Rural municipality,3.1,6.9,0
2016A00054715059,Saskatchewan,St. Louis,Village,6.6,11,11
2016A00054715061,Saskatchewan,Duck Lake No. 463,Rural municipality,4.5,12.7,11
2016A00054715066,Saskatchewan,Prince Albert,City,5.3,7,1
2016A00054715067,Saskatchewan,Birch Hills No. 460,Rural municipality,2.2,8.3,1
2016A00054715068,Saskatchewan,Birch Hills,Town,5.5,8.4,1
2016A00054715070,Saskatchewan,Candle Lake,Resort village,6,18,11
2016A00054715071,Saskatchewan,Kinistino No. 459,Rural municipality,4.1,19.7,11
2016A00054715074,Saskatchewan,Kinistino,Town,5.7,11.1,11
2016A00054715075,Saskatchewan,Lakeland No. 521,Rural municipality,7.9,9.3,0
2016A00054715076,Saskatchewan,Christopher Lake,Village,4.9,16.1,11
2016A00054715079,Saskatchewan,Garden River No. 490,Rural municipality,3.9,7.3,1
2016A00054715094,Saskatchewan,Buckland No. 491,Rural municipality,4.7,7.1,0
2016A00054715099,Saskatchewan,Paddockwood No. 520,Rural municipality,5.9,15.3,11
2016A00054715844,Saskatchewan,One Arrow 95,Indian reserve,1.2,0.5,101
2016A00054715845,Saskatchewan,Beardy's 97 and Okemasis 96,Indian reserve,1.4,1.2,101
2016A00054715847,Saskatchewan,Muskoday First Nation,Indian reserve,2.7,3,101
2016A00054715848,Saskatchewan,Wahpaton 94A,Indian reserve,8.8,8.5,101
2016A00054715849,Saskatchewan,James Smith 100,Indian reserve,4.9,5.1,101
2016A00054715850,Saskatchewan,Cumberland 100A,Indian reserve,2.8,2.2,101
2016A00054715851,Saskatchewan,Little Red River 106C,Indian reserve,1.5,1,101
2016A00054715853,Saskatchewan,Montreal Lake 106B,Indian reserve,1,0.9,101
2016A00054716005,Saskatchewan,Mayfield No. 406,Rural municipality,3.5,12.6,11
2016A00054716008,Saskatchewan,Great Bend No. 405,Rural municipality,2.9,11.8,11
2016A00054716009,Saskatchewan,Radisson,Town,6.7,6.8,100
2016A00054716011,Saskatchewan,Borden,Village,3.7,4.1,0
2016A00054716013,Saskatchewan,Blaine Lake No. 434,Rural municipality,4.8,10.3,11
2016A00054716016,Saskatchewan,Blaine Lake,Town,12.5,8.2,1100
2016A00054716018,Saskatchewan,Redberry No. 435,Rural municipality,3.9,9.4,0
2016A00054716022,Saskatchewan,Hafford,Town,3.5,7.3,1
2016A00054716023,Saskatchewan,Douglas No. 436,Rural municipality,3.6,4.2,0
2016A00054716028,Saskatchewan,North Battleford No. 437,Rural municipality,4.2,6.5,0
2016A00054716029,Saskatchewan,North Battleford,City,5.2,7.2,0
2016A00054716033,Saskatchewan,Round Hill No. 467,Rural municipality,8.8,13.8,111
2016A00054716038,Saskatchewan,Meeting Lake No. 466,Rural municipality,4.3,9,1
2016A00054716041,Saskatchewan,Leask No. 464,Rural municipality,7.3,15.4,11
2016A00054716042,Saskatchewan,Leask,Village,15.1,18.8,1111
2016A00054716046,Saskatchewan,Shellbrook No. 493,Rural municipality,5.1,11.5,11
2016A00054716047,Saskatchewan,Shellbrook,Town,3.8,10.9,11
2016A00054716051,Saskatchewan,Canwood No. 494,Rural municipality,3.8,9.6,1
2016A00054716052,Saskatchewan,Canwood,Village,11.8,14.2,1111
2016A00054716054,Saskatchewan,Debden,Village,5.3,5.3,0
2016A00054716056,Saskatchewan,Spiritwood No. 496,Rural municipality,3.4,8.6,0
2016A00054716058,Saskatchewan,Spiritwood,Town,9.7,7.8,100
2016A00054716061,Saskatchewan,Leoville,Village,9.3,10.8,111
2016A00054716062,Saskatchewan,Medstead No. 497,Rural municipality,1.8,6.7,0
2016A00054716072,Saskatchewan,Big River,Town,5.7,14.6,11
2016A00054716075,Saskatchewan,Big River No. 555,Rural municipality,6,16.3,11
2016A00054716854,Saskatchewan,Muskeg Lake Cree Nation 102,Indian reserve,1.4,1.4,101
2016A00054716855,Saskatchewan,Mistawasis 103,Indian reserve,0.8,0.4,101
2016A00054716856,Saskatchewan,Sturgeon Lake 101,Indian reserve,2.5,2.5,101
2016A00054716863,Saskatchewan,Chitek Lake 191,Indian reserve,5,4.6,101
2016A00054717001,Saskatchewan,Meota No. 468,Rural municipality,5.9,9.6,1
2016A00054717006,Saskatchewan,Meota,Village,3.8,6.3,1
2016A00054717008,Saskatchewan,Turtle River No. 469,Rural municipality,1.9,5,1
2016A00054717011,Saskatchewan,Edam,Village,7.2,10.1,11
2016A00054717017,Saskatchewan,Eldon No. 471,Rural municipality,4.9,11.4,11
2016A00054717018,Saskatchewan,Maidstone,Town,6.9,13,11
2016A00054717022,Saskatchewan,Wilton No. 472,Rural municipality,2.3,6.9,1
2016A00054717024,Saskatchewan,Lashburn,Town,4.9,8.7,1
2016A00054717026,Saskatchewan,Marshall,Town,5,17,11
2016A00054717028,Saskatchewan,Britannia No. 502,Rural municipality,4.5,14.3,11
2016A00054717029,Saskatchewan,Lloydminster (Part),City,4.4,9.3,1
2016A00054717032,Saskatchewan,Frenchman Butte No. 501,Rural municipality,5.9,17.3,111
2016A00054717034,Saskatchewan,Paradise Hill,Village,3.9,9.5,1
2016A00054717036,Saskatchewan,St. Walburg,Town,5.3,3.9,0
2016A00054717041,Saskatchewan,Turtleford,Town,4.1,3.9,0
2016A00054717045,Saskatchewan,Mervin No. 499,Rural municipality,4.9,7.5,1
2016A00054717047,Saskatchewan,Parkdale No. 498,Rural municipality,5.2,14.6,11
2016A00054717048,Saskatchewan,Glaslyn,Village,5.9,7.5,1
2016A00054717052,Saskatchewan,Meadow Lake,City,4.5,7.8,0
2016A00054717054,Saskatchewan,Meadow Lake No. 588,Rural municipality,3.1,12.4,11
2016A00054717056,Saskatchewan,Loon Lake No. 561,Rural municipality,8.5,15.1,111
2016A00054717062,Saskatchewan,Beaver River No. 622,Rural municipality,4,10.7,11
2016A00054717066,Saskatchewan,Goodsoil,Village,9.9,7.9,101
2016A00054717067,Saskatchewan,Pierceland,Village,5.2,7.6,0
2016A00054717803,Saskatchewan,Thunderchild First Nation 115B,Indian reserve,2.6,1.4,101
2016A00054717805,Saskatchewan,Flying Dust First Nation 105 (Meadow Lake 105),Indian reserve,6.2,6.7,101
2016A00054717806,Saskatchewan,Waterhen 130,Indian reserve,3.1,3,101
2016A00054717807,Saskatchewan,Makwa Lake 129B,Indian reserve,5.8,6.2,101
2016A00054717811,Saskatchewan,Big Island Lake Cree Territory,Indian reserve,4.7,4.4,101
2016A00054718005,Saskatchewan,Cumberland House,Northern village,7.7,13.9,111
2016A00054718021,Saskatchewan,Green Lake,Northern village,8.6,13.2,111
2016A00054718041,Saskatchewan,La Ronge,Town,7,10.9,111
2016A00054718042,Saskatchewan,Air Ronge,Northern village,5.1,10.5,11
2016A00054718049,Saskatchewan,Denare Beach,Northern village,6.4,5.7,101
2016A00054718051,Saskatchewan,Creighton,Town,4.7,9.4,1
2016A00054718058,Saskatchewan,Sandy Bay,Northern village,9.4,14,111
2016A00054718065,Saskatchewan,Pinehouse,Northern village,3.2,5.2,101
2016A00054718067,Saskatchewan,ÃŽle-Ã -la-Crosse,Northern village,6.7,19,111
2016A00054718070,Saskatchewan,Buffalo Narrows,Northern village,5.8,8,101
2016A00054718074,Saskatchewan,La Loche,Northern village,2.5,4.9,0
2016A00054718090,Saskatchewan,"Division No. 18, Unorganized",Unorganized,12.7,7.6,1101
2016A00054718801,Saskatchewan,Cumberland House Cree Nation 20,Indian reserve,6.5,7.3,101
2016A00054718802,Saskatchewan,Montreal Lake 106,Indian reserve,2.8,3,101
2016A00054718803,Saskatchewan,Stanley 157,Indian reserve,4.6,4.5,101
2016A00054718806,Saskatchewan,Wapaskokimaw 202,Indian reserve,3.2,2.6,101
2016A00054718814,Saskatchewan,Wapachewunak 192D,Indian reserve,6.3,7,101
2016A00054718817,Saskatchewan,Canoe Lake 165,Indian reserve,2.3,2.6,101
2016A00054718818,Saskatchewan,Buffalo River Dene Nation 193 (Peter Pond Lake 193),Indian reserve,4.5,5,101
2016A00054718819,Saskatchewan,Turnor Lake 193B,Indian reserve,9.8,10.7,111
2016A00054718822,Saskatchewan,Southend 200,Indian reserve,2.2,3.3,101
2016A00054718824,Saskatchewan,Fond du Lac 227,Indian reserve,4.4,5.4,101
2016A00054718828,Saskatchewan,Chicken 224,Indian reserve,3.7,4.8,101
2016A00054718831,Saskatchewan,Grandmother's Bay 219,Indian reserve,4.3,4.6,101
2016A00054718839,Saskatchewan,Clearwater River Dene 222,Indian reserve,2.3,2.3,101
